天花	 為一種由天花病毒（variola virus）所引起之急性傳染病，可以對人類造成不同程度的危害，其致死率自1％至30％不等，死亡情形常發生在發病後1或2週內，且無有效之治療方法。此疾病最早於第4世紀於中國及印度發現，16世紀時曾肆虐全球造成350多萬人死亡，於1970年以前，全球每年感染人數超過1500萬人以上，其中至少200萬人死亡。因此，世界衛生組織（WHO）計畫根除天花，並於1980年正式宣佈天花病毒自地球上完全根除，且不會再自然發生，並建議所有國家停止牛痘疫苗的接種。天花病毒根除計畫的成功可歸功於：策略性的疾病監測調查系統的建置、確實隔離任何可能的個案及對接觸者的痘苗接種等三大策略，而天花病毒亦成為第一個人類從自然界根除的病毒。 
嚴重急性呼吸道症候群	 SARS是由SARS病毒所引起的疾病，為2003年新發現的一種冠狀病毒，2003年4月16日世界衛生組織正式將其命名為「SARS病毒」。SARS病毒因為是新病毒，所以大眾皆無抗體，其傳播力、毒力、致病力均比一般的呼吸道病毒強，病患可能會發生肺纖維化，甚至引發呼吸衰竭而導致死亡。世界衛生組織於2003年3月15日公布「嚴重急性呼吸道症候群」名稱，在這之前稱非典型肺炎。感染特點為發生瀰漫性肺炎及呼吸衰竭，因較過去所知病毒、細菌引起的非典型肺炎嚴重，因此命名為嚴重急性呼吸道症候群(severe acute respiratory syndrome, SARS)。根據世界衛生組織統計資料，2002年11月1日至2003年7月31日間，全球共發現8,096例SARS可能病例，其中774例死亡，主要集中於中國、香港、臺灣、加拿大及新加坡等國家。 
鼠疫	 存在囓齒類及其跳蚤的一種人畜共通傳染病，並藉跳蚤傳染給各種動物及人類，其最初反應為跳蚤咬傷部位附近的淋巴腺發炎，這就是腺鼠疫，經常發生於鼠蹊部、腋下或頸部，受感染的淋巴腺發炎、紅腫、壓痛且可能流膿，通常會有發燒現象。所有的鼠疫，包括淋巴腺病不明顯的病例，皆可引起敗血性鼠疫，經由血液感染身體各部位，包括腦膜。肺的次發性感染可造成肺炎、縱膈炎或引起胸膜滲液。次發性肺鼠疫在疫情的控制上特別重要，因為其痰之飛沫傳染是原發性肺鼠疫及咽鼠疫之來源。更進一步的人與人之間傳染可造成局部地區的爆發或毀滅性的大流行。鼠疫如未經治療其致死率為30～60％，很少出現短期而局部的感染（輕微鼠疫）。 
狂犬病	 狂犬病由狂犬病病毒引起的一種急性病毒性腦脊髓炎，一旦發病後，致死率幾乎達100％，但如能在動物咬傷後，及時就醫，接受狂犬病暴露後預防接種，可以有效的降低發病的風險。狂犬病是全球性的疾病，全世界都有病例，主要發生於非洲、亞洲、拉丁美洲及中東等地區，根據世界衛生組織估計：每年約有55,000死亡病例，其中亞洲約占31,000例死亡，非洲約占24,000例死亡，其中30～50％是幼童。臺灣自1959年起不再有人的病例，2002年及2012年各發生一例自中國大陸境外移入病例，2013年發生一例自菲律賓境外移入病例。1961年後不再有動物病例，但行政院農業委員會於2013年公布國內野生鼬獾、錢鼠與幼犬檢出狂犬病毒，並將檢出狂犬病陽性動物之鄉鎮市區(狂犬病陽性動物分佈圖)與其他鄉鎮，列為狂犬病風險地區(陽性鼬獾分布鄉鎮)。疑似狂犬病暴露後免疫球蛋白與疫苗接種對象人用狂犬病疫苗接種服務醫院全臺儲備HRIG之人用狂犬病疫苗接種服務醫院疑似狂犬病動物咬傷傷口處理等實務 
登革熱	 登革熱（Dengue fever），是一種由登革病毒所引起的急性傳染病，這種病毒會經由蚊子傳播給人類。並且依據不同的血清型病毒，分為Ⅰ、Ⅱ、Ⅲ、Ⅳ四種型別，而每一型都具有能感染致病的能力。患者感染到某一型的登革病毒，就會對那一型的病毒具有終身免疫，但是對於其他型別的登革病毒僅具有短暫的免疫力，還是有可能再感染其他血清型別病毒。臨床上重複感染不同型登革病毒，可引起宿主不同程度的反應，從輕微或不明顯的症狀，到發燒、出疹的典型登革熱，或出現嗜睡、躁動不安、肝臟腫大等警示徵象，甚至可能導致嚴重出血或嚴重器官損傷的登革熱重症。全球登革熱的好發地區，主要集中在熱帶、亞熱帶等有埃及斑蚊和白線斑蚊分布的國家，隨著全球化發展逐漸便利，各國之間相互流通及往返也趨於頻繁，自1980年代之後，登革熱也開始向各國蔓延，成為嚴重的公共衛生問題。臺灣位於亞熱帶地區，像這樣有點熱、又有點溼的環境，正是蚊子最喜歡的生長環境，為登革熱流行高風險地區。 
德國麻疹	 德國麻疹，又稱為「風疹」，是一種急性病毒高傳染疾病，會出現輕度發燒、疲倦、鼻咽炎、耳後淋巴結明顯腫大，並伴隨全身性不規則丘疹（與麻疹或猩紅熱發疹相似），疹子約維持3天，病徵溫和。而如果孕婦感染德國麻疹，該病毒可以透過胎盤垂直傳染給胎兒，可能會造成死產、自然流產或胎兒主要器官受損，如先天性耳聾、青光眼、白內障、小腦症、智能不足及先天性心臟病等缺陷，統稱為先天性德國麻疹症候群。感染德國麻疹病毒者約有一半（25％～50％受感染者）並無明顯的發疹，有部分受感染的人會關節痛或發生關節炎，尤其是成年女性。德國麻疹是由德國麻疹病毒（Rubella virus）經呼吸道感染所引起，而德國麻疹病毒是一種RNA病毒，只有一種血清型。國內曾於1958-1959年、1968年及1977年間發生三次大流行，之後德國麻疹在國內變成地方性傳染病，除了1992年時，發生一起10,945例報告病例之中型流行以外，不再出現全國性的德國麻疹大流行。 
霍亂	 霍亂是由產毒性O1及O139血清型霍亂弧菌所引起的急性細菌性腸道傳染病，為全球性的疾病，世界各地均有病例發生，多數發生於開發中國家，尤其在自來水不普及或環境衛生較差的地區。感染霍亂的症狀為無痛性大量米湯樣水性腹瀉、嘔吐、快速脫水等；若患者未能及時接受適當治療，有可能因嚴重脫水和休克而死亡。 
流行性斑疹傷寒	 流行性斑疹傷寒是由立克次體所引起的疾病。流行性斑疹傷寒有不同的先期徵兆，通常是突發的症狀，包括頭痛、畏寒、虛脫、發燒、肌肉酸痛和咳嗽等症狀。如果沒有適當的治療，致死率可高達10%至40%，且隨著年齡越大死亡率越高。流行性斑疹傷寒輕度的感染可能無出疹現象，特別是在小孩子，在第一次受侵襲之數年後，此病可能復發（稱為Brill-Zinsser症），此時症狀較溫和，併發症較少，不需有蝨子媒介，致死率也較低。 
白喉	 白喉是由白喉棒狀桿菌所引起的急性呼吸道傳染病。白喉主要侵犯扁桃腺、咽頭、喉頭、鼻腔，被侵犯的部位因組織壞死，病灶處形成灰白色膜，四周伴有發炎現象。一般根據感染部位的不同，分為四種白喉：咽門白喉、喉白喉、鼻白喉、皮膚白喉，臨床特徵稍有不同。 
流行性腦脊髓膜炎	 流行性腦脊髓膜炎是由腦膜炎雙球菌所引起的疾病。近年台灣以腦膜炎雙球菌B群最常見，佔所有侵襲性感染症44%，其餘為W135型(12％)、Y型(11％)、A型(1%)、C型(1％) 、未分型占30.％。流行性腦脊髓膜炎是全球性的疾病，全世界都有病例，主要流行季節在冬季及春季。目前國際流行地區，主要為撒哈拉沙漠以南橫跨非洲中部的「非洲流腦帶」地區。流行地區有高達5-10％的無症狀帶菌者以成人較常見，且於軍隊及學校等密集生活群體中，比例可能更高。 
西尼羅熱	 西尼羅熱是一種由西尼羅病毒所引起的急性傳染病。西尼羅病毒最早是從1937年烏干達一名發燒婦女身上發現，主要流行地區在非洲的部分地區、地中海地區北部、中東、西亞地區及美洲，也曾經在埃及、希臘、以色列、印度、法國、羅馬尼亞、捷克、澳洲等地區流行。 
傷寒	 傷寒及副傷寒皆為由細菌引起之腸道傳染病，病原菌分別為傷寒桿菌及副傷寒桿菌。傷寒及副傷寒為全球性的疾病，世界各地均有病例發生，但多數發生於開發中國家，尤其在自來水不普及或環境衛生較差的地區。南亞地區感染風險最高，另外東南亞、非洲、中南美洲、加勒比海群島等地區也有較高的感染風險。近年來，已開發國家由於衛生設備之改善，病例數已大幅減少。 
副傷寒	 傷寒及副傷寒皆為由細菌引起之腸道傳染病，病原菌分別為傷寒桿菌及副傷寒桿菌。傷寒及副傷寒為全球性的疾病，世界各地均有病例發生，但多數發生於開發中國家，尤其在自來水不普及或環境衛生較差的地區。南亞地區感染風險最高，另外東南亞、非洲、中南美洲、加勒比海群島等地區也有較高的感染風險。近年來，已開發國家由於衛生設備之改善，病例數已大幅減少。 
小兒麻痺症/急性無力肢體麻痺	 小兒麻痺症是由小兒麻痺病毒所引起的疾病。人類是這種病毒的唯一宿主，大部分感染小兒麻痺症的患者感染後的症狀不太明顯。小兒麻痺症是全球性的疾病，在發明小兒麻痺疫苗以前，全世界都有病例，溫帶地區主要流行季節為夏季至早秋、熱帶地區在雨季。台灣於2000年由世界衛生組織（WHO）公告為小兒麻痺根除地區。目前小兒麻痺症在開發中國家及小兒麻痺疫苗接種率低的地方仍持續發生新病例。台灣未完成疫苗接種者仍為高危險群。 
桿菌性痢疾	 桿菌性痢疾是由志賀氏桿菌感染所引起的急性腸道疾病，病原體可耐酸性，只要10到100個病原體即可致病。分佈於全球，在熱帶、亞熱帶地區為地方性流行病。群聚感染常發生在擁擠或可能接觸排泄物之處，如：監獄、托兒所、療養院、難民營及有男男間性行為者。在自來水不普及或環境衛生條件較差的地區特別容易引起流行，污染的飲水或食物也常引起地區性大規模的流行。臺灣地區地處亞熱帶，全年都有桿菌性痢疾，主要流行季節是每年6月至10月。另外，國人前往自來水不普及或環境衛生條件較差的地區旅遊，如果沒有注意飲食衛生，容易遭受桿菌性痢疾感染，不但會嚴重影響旅遊情緒及行程，更可能將致病原帶入國內散播，危害家人及親友的健康。 
阿米巴性痢疾	 阿米巴性痢疾是為痢疾阿米巴原蟲所引起的傳染病。痢疾阿米巴主要寄生於腸道，大部份感染者症狀不明顯，但痢疾阿米巴原蟲可能侵入宿主的腸壁組織，引發腸道症狀，引起腹部不適、間歇性下痢或便秘，並伴隨發燒引起寒顫、血便或黏液軟便等症狀。痢疾阿米巴原蟲的成長可以分為兩個階段，痢疾阿米巴原蟲的囊體能存活在惡劣環境中，隨寄主之排泄物進入環境，被感染者吃下囊體後，痢疾阿米巴原蟲就會在被感染者的腸道變成活動體，並繁殖下一代。阿米巴性痢疾沒有特別的流行季節，但是精神疾病及智能障礙收養機構，因生活習慣、衛生條件、環境污染及群居狀況有較高的感染機會。此外，男男間性行為者、免疫能力低下者、國人赴流行地區返國者、來自流行地區的外籍勞工及移民等，都是阿米巴性痢疾的高危險族群。 
瘧疾	 瘧疾是一種由瘧原蟲所引起的傳染病，全球每年感染人數約2.07億，死亡人數約62.7萬人。臺灣光復初期瘧疾感染極為嚴重，當時總人口數為600萬人，其中約有五分之ㄧ的人口感染瘧疾。1946年開始政府投入瘧疾防治工作，1965年世界衛生組織（WHO）正式將臺灣列入瘧疾根除地區。依感染人類的瘧原蟲特性，可分為間日瘧、三日瘧、熱帶瘧、卵形瘧；其中以間日瘧及熱帶瘧最常見。臺灣自從成為瘧疾根除地區後，除1972年北臺灣沿海，曾出現零星「當地新染病例」、1995年醫院內感染及2003年臺東出現兩例介入感染外，其餘的病例都是在國外感染後，在臺灣發病確認的境外移入個案，每年境外移入病例大約10至30例，主要是在東南亞地區、非洲及大洋洲感染。 
麻疹	 麻疹為傳染力很強的病毒性疾病，可經由空氣、飛沫傳播或接觸病人鼻咽分泌物而感染，在疫苗尚未使用前，超過99%的人都會被感染，幾乎每個人的一生中都難逃麻疹侵襲。常見症狀有：發燒、出疹、鼻炎、結膜炎、咳嗽，以及發燒3~4天後口腔內出現斑點(柯式斑點)，較嚴重者會併發中耳炎、肺炎或腦炎。 
急性病毒性Ａ型肝炎	 一、疾病概述（Disease description）(一)A型肝炎是由A型肝炎病毒感染所造成的急性肝臟發炎。其症狀包含：突然出現發燒，全身倦怠不適，食慾不振，嘔吐及腹部不舒服，數天之後發生黃疸。恢復期有時會拖延，但會完全康復不留後遺症，也不會復發。5歲以下兒童時期感染約有80-95%無臨床症狀或症狀輕微，而成年人感染後，約70％會出現症狀，通常臨床症狀的嚴重度會隨年齡增加而增加。A型肝炎雖然不會導致慢性肝炎，但有10％的病人在急性發病後6個月內有可能症狀復發。A型肝炎的致死率低（約千分之二）；造成死亡的情形多半為猛爆型肝炎，通常發生於老年患者，或患有慢性肝病患(包括慢性B型、C型肝炎病毒感染者)致死的風險亦較高。(二)對無症狀或症狀輕微且沒有黃疸的感染者，僅能靠肝功能等生化學或血清檢驗測出。診斷依據患者急性期或甫感染時之血清A型肝炎IgM抗體（IgM anti-HAV）檢驗結果；IgM anti-HAV通常在感染後2～4週內臨床症狀出現前便能測得，並持續4至6個月。感染後產生之抗體（IgG anti-HAV）或可延續終生，因而終生有抵抗力。二、致病原（Infectious agent）A型肝炎病毒是一種沒有外殼的直徑約27nm、單鏈的核糖核酸(RNA)病毒，屬於微小核糖核酸病毒科肝病毒屬。 
腸道出血性大腸桿菌感染症	 腸道出血性大腸桿菌感染症是由腸道出血性大腸桿菌所引起的疾病。「一般腸道大腸桿菌」也就是我們平常俗稱的大腸桿菌，為人體內之正常菌群，存在於小腸中，可以提供人體所需之維生素B12及K，亦有幫助人體抵抗病原菌入侵的作用。在正常的情況下，並不會使人體發病。但是「腸道出血性大腸桿菌」就是可以產生類志賀氏毒素的細菌，目前已知血清型約100多種，較常見的腸道出血性大腸桿菌是O157:H7。腸道出血性大腸桿菌會釋放出毒素，引起人體腹痛、嘔吐、腹瀉及拉血便等症狀，甚至會引起嚴重合併症及死亡。歐洲地區於2011年5月至6月期間，發生大規模O104型大腸桿菌感染事件，大多數病例均具有德國旅遊史，經調查為食用受污染豆芽所引起的流行疫情。 
漢他病毒症候群	 漢他病毒症候群(Hantavirus syndrome)是由漢他病毒(Hantavirus)所引起的疾病，屬於人畜共通傳染性疾病。主要透過帶有漢他病毒齧齒類動物(如：鼠類)傳染給人類，人類感染漢他病毒後，依臨床症狀及病程可區分為「漢他病毒出血熱」及「漢他病毒肺症候群」兩種。 
多重抗藥性結核病	 抗藥性結核病與結核病相同，是由結核桿菌所引起的疾病，但是因為結核菌突變產生抗藥性，變成抗藥性結核病。而且如果抗藥性結核病對於目前主要的二種治療藥物(Isoniazid與Rifampin)具有抗藥性，就成為「多重抗藥性(MDR)結核病」，多重抗藥性結核病也是目前國際上傳染病防治的重大威脅。如果多重抗藥性結核病更進一步對於治療多重抗藥性結核病的藥物也產生抗藥性(對任何fluoroquinolone藥物有抗藥性，且對於1種以上注射型抗結核病藥物capreomycin, kanamycin, amikacin也出現抗藥性者)，就會成為所謂超級抗藥性結核(XDR-TB)。
屈公病	 屈公病是一種由屈公病毒所引起的急性傳染病，經由蚊子叮咬而傳播，最早在1952年從坦尚尼亞一位發燒病人的血清中分離出來。屈公病的症狀與登革熱非常類似，但和登革熱與其他蚊子所傳播的傳染病不同的地方是，部分感染屈公病的病人會有持續數週的倦怠感，有些病患的關節會痛到無法行動，並持續數個月，因此「Chikungunya」在非洲的土著語言中，就是指「痛的將身體彎起來」。 
炭疽病	 炭疽病是一種由炭疽桿菌（Bacillus anthracis）引起的人畜共通傳染病，主要是發生在草食性的家畜或野生動物如山羊、綿羊、牛、馬及豬等。人類通常是因為接觸或食入受感染的動物或動物製品，或吸入大量炭疽孢子而感染，因此預防動物炭疽病的發生有助於人類炭疽病防治。炭疽病可以個案職業別及感染途徑做分類。依個案職業別可分為發生於農夫、屠宰業/肉販、獸醫及從事動物交易者的非產業型炭疽（non-industrial anthrax），以及發生在處理骨骼、獸皮、毛織品及其他動物製品從業人員的產業型炭疽（industrial anthrax）。依感染途徑分型較為常見，可分為三型：(一) 皮膚型炭疽（cutaneous anthrax）：占人類炭疽病例比例超過95％，給予適當抗生素治療後死亡率小於1％，但如果未經治療，可能因臉部或頸部水腫導致呼吸道阻塞及續發性蜂窩性組織炎或腦炎，死亡率可達10～40％，人與人直接傳染機率極低，醫療人員一般情況下不需予以預防藥物。炭疽桿菌（通常是孢子形式）經由皮膚傷口（割傷、擦傷、蠅類叮咬等）進入人體，最常發生在臉部、頸部、手及腕部。感染2～3 天皮膚上出現小膿皰或丘疹，第3～4 天，丘疹周圍出現直徑約1～3 公分環狀水泡，除非有續發性感染，水泡不會疼痛、無膿，惟附近的淋巴可能會腫大、發炎、疼痛；此時水泡液抹片可看到炭疽桿菌，也可培養出炭疽桿菌。第5～7 天，丘疹潰爛形成黑色焦痂，在焦痂表面塗抹並不會採到炭疽桿菌，必須用鑷子把焦痂掀起採取下方液體才能檢驗出炭疽桿菌；此時症狀包含輕微發燒、倦怠及頭痛，若病情持續加重（特別是病灶位於臉部、頸部及胸部者），可能併發毒血症、意識改變、高燒、低血壓、局部淋巴結腫大等，甚至壓迫氣管。約第10 天，焦痂開始脫落，約數週後緩解。(二) 吸入型炭疽（inhalational anthrax）：又稱為肺部炭疽（pulmonary anthrax）、毛工病（Woolsorters’ disease）或拾垃圾者病（Ragpicker’s disease），係吸入大量炭疽桿菌孢子而感染（感染劑量約8,000～10,000 個孢子），死亡率高。在疾病初期症狀無特異性，似一般感冒，病徵可能包含輕微發燒、寒顫、倦怠、頭痛、咳嗽、胸悶、肌肉酸痛等，症狀可能持續 1至數天，隨後病程進展快速，突然發生呼吸困難、發紺、敗血症、休克、昏迷，可能在 24～36小時內死亡。吸入型炭疽初期臨床診斷相當困難，需仰賴病史資料，胸部 X光片會呈現縱膈腔變寬，也常見肺部浸潤及肋膜積水等異常。(三) 腸胃型炭疽（gastrointestinal anthrax）：主要因為食入未煮熟且遭炭疽桿菌污染的食物，臨床表現為口咽炭疽及腸胃炭疽，以腸胃炭疽較常見。口咽炭疽侷限於口腔，好發於頰黏膜、舌、扁桃腺及後咽壁，儘管給予治療，其死亡率仍然相當高。口腔病灶為直徑2～3公分、灰色偽膜包覆的水泡，當侵襲扁桃腺時，可能發生潰瘍。臨床症狀包含喉嚨痛、吞嚥困難、局部淋巴結腫大及疼痛；病程進展快速，可能出現菌血症、毒血症、急性呼吸窘迫及意識改變，最後導致休克、昏迷 及死亡。腸胃炭疽可發生於食道、胃、腸的任何部位，好發於迴腸及盲腸，病灶周圍呈現多發性表面水腫、出血性潰瘍。剛開始的臨床症狀無特異性，包含噁心 、嘔吐、食慾不振、無力、輕微腹瀉、發燒及頭痛，腸道病灶亦可能發生出血、阻塞及腸穿孔，後續發生嚴重腹痛、吐血、血便，有時會併發大量腹水、毒血症及敗血症，最後導致休克、死亡；其病程進展快速，發病至死亡約 2～5天。上述三類炭疽病，皆可因炭疽桿菌進入患者的血流或淋巴循環，造成敗血症及/或侵入中樞神經引發炭疽性腦膜炎（anthrax meningitis），此時稱為全身性炭疽病（systemic anthrax）。 
先天性梅毒	 新生兒可能會因為媽媽得到梅毒，懷孕初期未接受適當治療，而透過胎盤傳染給胎兒，造成新生兒感染先天性梅毒，嚴重甚至會導致早產或新生兒死亡。 
腸病毒感染併發重症	 腸病毒感染為幼兒常見的疾病，腸病毒指的是一群病毒，包含小兒麻痺病毒、克沙奇病毒、伊科病毒及腸病毒等種類，每一個種類還可分為多種型別，總共有數十種以上。目前小兒麻痺病毒已經在台灣根除，腸病毒病人都是感染其他腸病毒造成，其中以感染腸病毒71型最容易導致嚴重的併發症，5歲以下的幼兒為重症的高危險群。台灣氣候溫暖潮濕，適合腸病毒生存，以4到9月為主要流行期，但其實全年都有腸病毒感染個案，冬天也有腸病毒病例，只是比較少而已。感染腸病毒痊癒之後，只會對這次感染的型別產生免疫，所以一生中可能會得好幾次腸病毒。腸病毒感染並不是幼兒的專利，大人也會得腸病毒，只是大多症狀比較輕微，與一般感冒不易區分。腸病毒目前並沒有特效藥及疫苗，最好的預防方法是大人小孩都要勤洗手，注意個人衛生，就可以降低感染的機會。 
結核病	 結核病是由結核桿菌所引起的疾病，是一全球性的慢性傳染病，在未開發及開發中國家尤其盛行。在臺灣一年四季都有病例，男性發生率比女性高，老年人發生率比年輕人高。結核菌是一種好氧性的抗酸性細菌，進入人體後，不會立即產生反應，大約95％的病患第一次感染結核桿菌時，會因為身體免疫力所以不會直接發病(稱為潛伏結核感染)，但是日後可能因為再次感染而發病，只有5％的病患第一次感染結核桿菌時，結核桿菌會透過血液與淋巴液造成肺結核或肺外結核（例如結核性腦膜炎）。 
人類免疫缺乏病毒感染	 愛滋病是由愛滋病毒所引起的疾病。愛滋病毒會破壞人體原本的免疫系統，使病患的身體抵抗力降低，當免疫系統遭到破壞後，原本不會造成生病的病菌，變得有機會感染人類，嚴重時會導致病患死亡。愛滋病就是後天免疫缺乏症候群（Acquired Immunodeficiency Syndrome，AIDS）的簡稱，就是指因為病患身體抵抗力降低，導致得到各種疾病的症狀。愛滋病毒為人類免疫缺乏病毒（Human Immunodeficiency Virus, HIV）的簡稱，是一種破壞免疫系統的病毒。 
漢生病	 漢生病是由麻風分枝桿菌所引起的疾病，俗稱麻風或癩病。漢生病是一種慢性、容易治癒但不容易傳染的疾病。全世界90%的人類對麻風分枝桿菌有自然免疫力。臺灣目前每年新發生病例約為10例左右，已經達到世界衛生組織消除漢生病之標準。漢生病主要侵犯人體的皮膚、粘膜及周圍的神經，會造成感染部位麻木、喪失肌肉控制力與殘障。但是如果感染罹病初期及早接受藥物治療，可完全痊癒且不會留下後遺症。 
百日咳	 百日咳是由百日咳桿菌所引起的疾病。百日咳沒有流行季節，一年四季都可能發生，病患多半是5歲以下兒童，好發年齡主要在6個月以下嬰幼兒，其他年齡層病患大多症狀輕微。百日咳為百日咳桿菌侵犯呼吸道引起的急性細菌性疾病，得過百日咳後通常可以獲得較長期之免疫力，但無研究顯示可終生免疫。大部份病患都不會引起併發症，但是營養狀況不良病患與併有許多腸道及呼吸道感染的病患及6個月以下嬰幼兒是併發症與死亡的高危險群。 
新生兒破傷風	 破傷風及新生兒破傷風都是由破傷風桿菌所引起的疾病。新生兒破傷風主要發生在開發中國家，主要原因是孕婦未接種破傷風疫苗、接生過程受汙染或當地醫療照護水準不足，致死率可高達80％，且新生兒出生後愈早發病，致死率愈高。台灣近幾年均無病例。破傷風桿菌感染僅侷限於壞死組織，不會導致組織破壞或發炎反應，但破傷風桿菌產生的神經性外毒素，會影響中樞神經系統及自主神經系統，導致嚴重的神經性症狀與死亡。 
破傷風	 破傷風是由破傷風桿菌所引起的疾病。破傷風是全球性的疾病，但通常發生在低度開發或農業區，主要原因為當地病患與動物排泄物接觸機會高，或當地預防接種不完全，致死率高達10～90％，且老年人及嬰幼兒死亡率較高。台灣近年來每年通報病例均在20例以下，死亡病例亦逐年減少。破傷風桿菌感染僅侷限於壞死組織，不會導致組織破壞或發炎反應，但破傷風桿菌產生的神經性外毒素，會影響中樞神經系統及自主神經系統，導致嚴重的神經性症狀與死亡。 
急性病毒性Ｂ型肝炎	 肝炎是一種因肝臟細胞的發炎，導致肝細胞損傷的肝臟疾病。引起肝炎的原因很多，如果是由B型肝炎病毒感染所造成的肝炎，就叫做B型肝炎。發病通常不明顯，症狀包括厭食、隱約的腹部不適、噁心、嘔吐等，有時會有關節痛、出疹、黃疸或輕微發燒。疾病的嚴重度可從僅有血清檢驗才能測出之無症狀感染，到會引發致命情況的猛爆性肝炎。在北美地區，成人無症狀B型肝炎帶原率0.5％；臺灣一般成人帶原率約達15％。臺灣自1984年7月起針對B型肝炎表面抗原陽性母親之新生兒實施B型肝炎疫苗注射計畫，1986年7月起全面實施嬰幼兒B型肝炎預防接種，此後，六歲兒童B型肝炎帶原率由1989年10.5%顯著下降至2007年0.8％。 
急性病毒性Ｃ型肝炎	 病毒性C型肝炎，發病通常不明顯，急性感染後，約20-30%患者有臨床症狀，可能出現發燒、疲倦、厭食、隱約腹部不適、噁心、嘔吐或黃疸等相關症狀等。疾病嚴重度可從不明顯的症狀到會致命的猛爆性肝炎。感染C型肝炎病毒後，約70％-80％會演變成慢性肝炎。慢性C型肝炎患者，約5-20%於20-30年間可能演變為肝硬化，約1-5%死於慢性肝炎的併發症(肝硬化與肝癌)。目前沒有疫苗可預防。 
急性病毒性Ｄ型肝炎	 肝炎是一種因肝臟細胞的發炎，導致肝細胞損傷的肝臟疾病。引起肝炎的原因很多，如果是由D型肝炎病毒感染所造成的肝炎，就叫做D型肝炎。D型肝炎疾病症狀與B型肝炎類似，且與B型肝炎病毒感染並存。所以，它只發生在B型肝炎帶原者(重複感染)，或與B型肝炎病毒同時發生急性感染。D型肝炎很少發生母子之間的垂直傳染，但是可以經由B型肝炎帶原者在家庭內發生傳染。急性或慢性B型肝炎感染的患者，得到D型肝炎感染時，可能使病情惡化，而導致急性肝功能變化。 
急性病毒性Ｅ型肝炎	 肝炎是一種因肝臟細胞的發炎，導致肝細胞損傷的肝臟疾病。引起肝炎的原因很多，如果是由E型肝炎病毒感染所造成的肝炎，就叫做E型肝炎。E型肝炎與A型肝炎類似，發病情況通常為突然出現發燒，全身倦怠不適，食慾不振，嘔吐及腹部不舒服，數天之後發生黃疸，無任何跡象顯示會形成慢性肝炎。除孕婦外，其他人口感染E型肝炎的致死率與A型肝炎類似（約千分之一），懷孕第三期的孕婦感染E型肝炎時，其致死率有報告達20％。 
流行性腮腺炎	 流行性腮腺炎是由流行性腮腺炎病毒所引起，屬於急性病毒性疾病。國外資料顯示未接種流行性腮腺炎疫苗之成人中，80％皆有抗體產生，暴露的人中約有三分之一屬無症狀感染。大部分小於2歲的幼兒感染為沒有明顯症狀的感染。依據國內資料，全年均有通報病例，並且盛行於9歲以前，以4-9歲為最高峰。 
梅毒	 梅毒是由梅毒螺旋體所引起的性傳染疾病。梅毒是全球普遍存在的性傳染疾病，病患多半是15~59歲性活躍期的男性與女性。 
淋病	 淋病是由奈瑟氏淋病雙球菌所引起的性傳染疾病。淋病是全球普遍存在的性傳染疾病，病患多半是15~59歲性活躍期的男性。女性感染的症狀比起男性較不明顯，且診斷也比較困難。淋病主要影響生殖系統，如果沒有及時接受治療，可能會造成不孕。 
侵襲性ｂ型嗜血桿菌感染症	 侵襲性b型嗜血桿菌感染症是由b型流行性感冒嗜血桿菌所引起的疾病。侵襲性b型嗜血桿菌感染症流行期有兩個高峰，主要發生於每年10-11月及2-4月。病患絕大多數是5歲以下兒童，好發年齡主要在3個月至3歲之嬰幼兒，一半以上的病例為1歲以下的嬰兒。b型流感嗜血桿菌是兒童上呼吸道常見的一種細菌，鼻咽部是主要的棲息處。能引起多種侵襲性疾病，其中以腦膜炎威脅性最大。此外，有免疫功能低下的病患，包括：人類免疫不全症、先天性免疫球蛋白缺陷、骨髓移植、先天或後天性無脾臟病症、接受化學治療的癌症等病患，也容易因受到ｂ型嗜血桿菌感染，也是併發症的高危險群。 
退伍軍人病	 退伍軍人病是由退伍軍人菌所引起的疾病。退伍軍人菌感染會引起兩種症狀不同之疾病，即退伍軍人病及龐提亞克熱。退伍軍人病會引發肺炎，甚至呼吸衰竭，死亡率高達15％，若有免疫功能障礙者則會更高。龐提亞克熱則不會引起肺炎或死亡。 
先天性德國麻疹症候群	 德國麻疹是一種急性病毒高傳染疾病，會出現輕度發燒、疲倦、鼻咽炎、耳後淋巴結明顯腫大，並伴隨全身性不規則丘疹（與麻疹或猩紅熱發疹相似），疹子約維持3天，多數病人的病徵溫和，但如果孕婦感染德國麻疹，該病毒可以透過胎盤垂直傳染給胎兒，可能會造成死產、自然流產或胎兒主要器官受損，如先天性耳聾、青光眼、白內障、小腦症、智能不足及先天性心臟病等缺陷，統稱為先天性德國麻疹症候群（congenital rubella syndrome, CRS），孕婦於懷孕10週內感染德國麻疹，有高達90％機率產出CRS嬰兒，CRS可能導致一種或多種缺陷，包括心臟、視力、聽力、智力障礙、骨骼、肝臟、脾臟等長期損害或發展問題，嚴重者會造成死亡。臺灣於1958年至1959年，1968年及1977年間曾發生三次德國麻疹大流行，之後德國麻疹在臺灣變成地方性（endemic）傳染病。為了有效防治德國麻疹，進而減少先天性德國麻疹症候群，我國自1986年起針對國三女生接種德國麻疹疫苗，隔年開始針對育齡婦女施行德國麻疹疫苗接種，1992年起針對滿15個月幼兒常規接種1劑麻疹、腮腺炎、德國麻疹混合疫苗(MMR)，藉由完整之預防接種政策推動，有效提升疫苗接種完成率，德國麻疹病例已大幅減少，也使得先天性德國麻疹症候群在近年已相當罕見。 
日本腦炎	 日本腦炎是感染日本腦炎病毒所引起的急性腦膜腦炎，受損部位包括腦、脊髓及腦膜。日本腦炎之傳播須經由具有感染力的病媒蚊叮咬，人不會直接傳染給人，臺灣以三斑家蚊、環蚊家蚊及白頭家蚊為主要的傳播媒介，病媒蚊一天中叮咬人的高峰期約在黎明和黃昏的時候。流行季節主要在每年5至10月，病例高峰通常出現在6至7月。感染日本腦炎病毒大部分無明顯症狀，約有小於1%的感染者會出現臨床症狀，最常見的臨床表現是急性腦炎。日本腦炎的致死率約20%至30％，存活病例中，約30%至50％有神經性或精神性後遺症。 
流感併發重症	 流感為急性病毒性呼吸道疾病，主要致病原為流感病毒，常引起發燒、頭痛、肌肉痛、疲倦、流鼻涕、喉嚨痛以及咳嗽等，但通常均在2～7天內會康復。流感病毒可分為A、B、C三種型別，其中只有A型及B型可以引起季節性流行。台灣主要流行的季節性流感病毒有A型流感病毒的H3N2亞型與H1N1亞型，以及B型流感病毒等3類。臨床上所謂的感冒、喉炎、支氣管炎、病毒性肺炎以及無法區分之急性呼吸道疾患均有可能為感染流感病毒所引起。而估計每年流行時，約有10％受感染的人有噁心、嘔吐以及腹瀉等腸胃道症狀伴隨呼吸道症狀而來。流感之重要性在於其爆發流行快速、散播範圍廣泛以及併發症嚴重，尤其是細菌性及病毒性肺炎。爆發流行時，重症及死亡者多見於老年人，以及患有心、肺、腎臟及代謝性疾病，貧血或免疫功能不全者。定期接種流感疫苗，是預防流感併發症最有效的方式。 
肉毒桿菌中毒	 肉毒桿菌為極厭氧之產孢桿菌，其所產生之毒素是致病因子。大部分案件屬A、B、E型毒素，極少數為F與G型。E型案件通常與魚類、海產品和海洋哺乳動物之肉類有關。毒素之產生是由於食品處理或保存不當，醃製食品酸度不足或鹼性食物，低溫殺菌和輕微醃後沒有冷藏保存（尤其是在封緊的容器內）。此毒素不耐熱，經煮沸後毒力會消失，但是要破壞孢子則須甚高溫度，E型毒素在低溫3℃時亦會慢慢地產生。大部分嬰兒肉毒桿菌中毒為A或B型毒素引起。肉毒桿菌抗毒素申請流程及相關申請表 
庫賈氏病	 庫賈氏病是由一種具感染性的變性蛋白質（普利昂蛋白，prion）快速增加，而造成神經細胞死亡，使腦組織變成海綿樣的疾病。最初在1920年代被發現，是一種罕見的神經性退化性疾病。庫賈氏病依發生病因分為四種：1、散發型2、遺傳型3、醫源型4、新型庫賈氏病 (new variant CJD,v-CJD) ，其中新型庫賈氏病與牛海綿樣腦症 (Bovine spongiform encephalopathy；BSE，即俗稱狂牛症)有高度相關。庫賈氏病全球年發生率約為百萬分之0.5-1，會造成神經元細胞壞死及減少，使大腦皮質產生空洞狀退化，大腦組織呈現海綿樣。 
鉤端螺旋體病	 鉤端螺旋體病是由鉤端螺旋體感染產生的感染症,是熱帶、亞熱帶地區常見的人畜共通感染病。鉤端螺旋體為細桿狀螺旋型，一端或兩端呈現鉤狀的螺旋體，可經由傷口感染幾乎所有的哺乳類動物，包括野生及家畜動物。主要宿主有老鼠、犬隻、豬、牛、馬、羊等動物。 
萊姆病	 萊姆病是由伯氏疏螺旋體（Borrelia burgdorferi）所引起的人畜共通傳染病，是經由被感染的蜱（俗稱壁蝨）所叮咬而感染，並不會直接由人傳染給人；多發生於哺乳類動物，包括人類、鼠類、狗、貓、牛、馬及鹿等。近年來臺灣的病例都是在國外罹病後，在臺灣被檢驗出來的境外移入個案。 
類鼻疽	 類鼻疽由感染類鼻疽桿菌Burkholderia pseudomallei引起，屬假單孢菌屬革蘭氏陰性桿菌，此菌在土壤、水池及積水環境中存在，會感染馬、羊、豬等動物以及人類，其引致的病名即稱為類鼻疽。其流行地域為東南亞地區及澳洲北部的熱帶地域。 
地方性斑疹傷寒	 地方性斑疹傷寒是由立克次體所引起的疾病，這種病原體會經由鼠蚤或貓蚤叮咬而傳播給人類。地方性斑疹傷寒在各年齡層的致死率依年齡而增加，但均小於1%。 
Q熱	 Q熱是貝氏考克斯菌（Coxiella burnetii）所引起之人畜共通傳染病（zoonosis），可分為急性Q熱及慢性Q熱。動物感染Q熱通常沒有症狀，但可能會造成懷孕的動物流產、死產或不孕；這些動物的胎盤組織、羊水、死胎及子宮排出物等含有大量的病原體，若未妥善處理且隨意掩埋，即可能污染環境而成為人類感染Q熱的重要感染源。獸醫、毛皮業者、農場員工、屠宰場員工、畜牧業者及相關研究人員等，尤其是經常接觸牲畜（山羊、綿羊、牛隻等）的工作者，為Q熱的高危險群。 
水痘併發症	 （一） 水痘(Varicella) 1. 為水痘帶狀疱疹病毒（varicella-zoster virus [VZV]）所引起之高傳染性疾病，初期（紅疹出現前1–2天）包含輕微發燒（37.5–39℃）、疲倦、食慾不振、頭痛及肌肉或關節痠痛等症狀，之後皮膚開始出現紅疹，逐漸發展成紅丘疹、水泡疹、膿泡疹而後結痂，由臉、頭皮往軀幹四肢延伸，全身性皮疹逐漸快速顯現隨後變成水疱，最後留下粒狀痂皮（通常約於二至四星期內痊癒）。 2. 曾施打過疫苗者仍可能罹患水痘，接種疫苗42天後仍感染野生株水痘稱之為「疫苗失敗的感染（Breakthrough Infection ）」，其病程較短(4–6天)、水疱數約50顆以下且症狀表現溫和，突破感染患者的傳染力約為未曾接種疫苗患者的1／3，惟曾接種過水痘疫苗者仍有25％至30％可能出現較嚴重的水痘症狀，若水疱多於50處，則傳染力與未曾接種疫苗患者相似，罹病期間仍應與他人區隔，不宜忽視。（二） 水痘併發症(Complications of Varicella)： 1. 小於1歲之嬰兒、孕婦、成人及免疫缺陷者（例：患有嚴重疾病如癌症、免疫缺陷與不全者、正使用免疫抑制劑如類固醇者）若罹患水痘為水痘併發症之高危險群。 2. 水痘併發症包含繼發性細菌感染（例如蜂窩組織炎、壞死性筋膜炎、敗血症、中毒性休克徵候群）、肺炎、腦炎、小腦性共濟失調、雷氏綜合症候群(Reye’s Syndrome)及死亡等。 3. 水痘併發症的致死原因，在成人以原發性肺炎，小孩以敗血症和腦炎最常見。對於某些特殊的患者，如白血病孩童和新生兒，則致死率高達5％至10％。（三） 新生兒水痘帶狀泡疹病毒（varicella-zoster virus）感染 1. 先天性水痘症候群（Congenital Varicella Syndrome）：懷孕20週前感染水痘之母親所生下之嬰兒，出現低體重、瘢痕性的皮膚病變（Cicatricial skin lesions in a dermatomal distribution ）、眼睛缺陷、四肢發育不全、中樞神經異常等先天性新生兒水痘症狀稱之。此症並不常見，發生率極低約在0.4%-2%間。 2. 新生兒水痘(Neonatal Varicella)： （１） 分娩前5天至後2天感染到水痘病毒的母親所產下的新生兒在出生後5-10天左右出現新生兒水痘症狀，又稱「周產期水痘」（Perinatal Varicella），由於母體沒有足夠時間產生抗體可以運送到胎兒體內保護胎兒有關。其危險性和致死率可達25-30%。 （２） 若新生兒於出生後10-28天才罹患水痘，症狀通常較周產期水痘輕微。 （３） 院內感染也可能是新生兒水痘的感染源之一。 3. 嬰幼兒期帶狀疱疹：母親於懷孕期間曾感染水痘，其嬰兒即有可能發生此症，除了分布在神經皮節的帶狀疱疹外，身體其他部位並出現水痘樣的皮疹。（四） 帶狀疱疹（Herpes Zoster）：在水痘復原之後藉潛伏於寄主的神經節中，以避免被免疫系統摧毀。當宿主免疫力減弱時，病毒便會活化並沿著其分布的神經皮節散布，造成帶狀疱疹，俗稱皮蛇（shingles）。而帶狀疱疹後的神經痛亦相當惱人。 
恙蟲病	 恙蟲病是由立克次體所引起的疾病，臺灣全年皆有病例發生，流行季節主要為夏季。恙蟲病在世界地理上的分布呈現三角形的區域，從日本北部至澳大利亞北部以及巴基斯坦等地所構成，稱為「tsutsugamushi triangle」，甚至喜馬拉雅山脈也有恙蟲病的報告。 
兔熱病	 兔熱病是一種由土拉倫法蘭西氏菌所引起的急性細菌性傳染病，又稱為野兔病、鹿蠅熱、大原病、法蘭西斯氏病，是一種人畜共通疾病。土拉倫法蘭西氏菌有A、B兩型，A型具有比較強的毒性，如果在有類似傷寒的症狀或肺部疾病時，沒有經過妥善治療，致死率高達5～15％；B型毒性較低，感染後即使不治療也很少有死亡的個案。兔熱病由於可能透過空氣傳播，被認為具有發展生物戰與生物恐怖攻擊的潛力。 
侵襲性肺炎鏈球菌感染症	 一、疾病概述（Disease description）肺炎鏈球菌（Streptococcus pneumoniae, pneumococcus）能引起多種侵襲性疾病，主要包括敗血症、肺炎、腦膜炎、關節炎、骨髓炎、心包膜炎、溶血性尿毒症、腹膜炎等，其症狀之表現因感染部位之不同而異。中耳炎、鼻竇炎和支氣管炎非屬侵襲性肺炎鏈球菌感染疾病，其臨床上則十分常見，症狀表現較為緩和。本疾病好發於5歲以下嬰幼兒及65歲以上老年人，此外，無脾症、HIV感染、糖尿病、肝硬化、慢性腎衰竭或慢性腎病、何杰金氏病（Hodgkin’s disease）等癌症患者、近期進行器官移植手術、植入人工電子耳（cochlear implant）、免疫功能缺失及使用類固醇或免疫抑制劑者，均為IPD的高危險族群。青黴素（penicillin）尚未發明之前，此菌引起肺炎之死亡率高達30～35%。1944年開始使用青黴素進行治療後，死亡率降至5～8%。從1976至1979年發現肺炎鏈球菌抗藥性菌株後，全世界許多國家也陸續發現這個問題。近年來，抗藥性菌株呈現逐漸增加的趨勢，在臨床治療上也增加許多困難。二、致病原（Infectious agent）肺炎鏈球菌是一種柳葉刀狀（lancet-shaped）革蘭氏陽性雙球菌，兼性厭氧。有些肺炎鏈球菌具有莢膜，此為具有致病性的菌種，毒性來自於莢膜上的多醣體，目前以莢膜多醣類抗體之莢膜腫脹試驗（Quellung reaction），可將其區分為92種以上血清型。有些血清型的菌株毒性較強，大約只有30種血清型會造成人類的感染，而臨床上常見的侵襲性感染，大多集中於其中的10多種血清型。 
疱疹B病毒感染症	 疱疹B病毒是一種會造成中樞神經系統疾病的人畜共通傳染性病原體。在非人類的靈長纇類中發現35種疱疹病毒，但是只有CHV-1對人類具有致病性。疱疹B病毒感染症流行並無特別的季節變化，一年四季皆可發生。疱疹B病毒最早於1932年在美國發現。當時一名研究人員Dr. B在處理一隻看似健康的恆河猴時不慎被咬傷，15天後因急性腦脊髓炎死亡，後來自此病患的神經組織分離出致病疱疹病毒，因而以該名研究人員的名字字首命名為疱疹B病毒。
弓形蟲感染症	 弓形蟲感染症是由弓蟲感染所引起的疾病。弓蟲是一種寄生在細胞內的原蟲，是分布於全球性的疾病，全世界都有病例發生。弓蟲可以感染大部分溫血動物及冷血動物，但以貓科動物為最終宿主。 
布氏桿菌病	 布氏桿菌病是由布氏桿菌屬細菌所引起的疾病。布氏桿菌病是全球性的疾病，全世界都有病例，公共衛生不佳的國家病例較多，常見於地中海地區(葡萄牙、西班牙、南法國、義大利、希臘、土耳其、北非)、東非、中南美洲、中東等地，東南亞部分生產乳製品的農場也曾爆發流行。台灣不是布氏桿菌病疫區，但是曾於近年發現數名在非洲與東南亞感染的境外移入病例。布氏桿菌主要在動物間傳播，不同種類的布氏桿菌會影響不同的脊椎動物，如綿羊、山羊、牛、鹿、麋鹿、豬、狗及其它動物。人類則是因為接觸到感染動物的組織或食入乳製品而感染。 
新型A型流感	 新型A型流感(Novel Influenza A Virus Infections)係指每年週期性於人類間流行的季節性流感A(H1N1)及A(H3N2)以外，偶發出現感染人類的其他禽流感病毒，這些病毒主要感染對象為雞等禽鳥類動物，屬於A型流感病毒，一旦感染人類，即統稱為「新型A 型流感」病例。根據文獻回顧，全球曾出現造成新型A型流感病例的禽流感病毒包括H5N1、H5N6、H6N1、H7N2、H7N3、H7N7、H7N9、H9N2、H10N7、H10N8等亞型，各亞型對人類疾病嚴重度高低如下: (1)疾病嚴重度高: H5N1、H5N6、H7N7、H7N9、H10N8；(2)疾病嚴重度低: H1N1v、H1N2v、H3N2v、H6N1、H7N2、H7N3、H9N2、H10N7 
茲卡病毒感染症	 茲卡病毒感染症（Zika virus infection）是由茲卡病毒（Zika virus）所引起的急性傳染病，這種病毒為黃病毒的一種，主要是經由蚊子叮咬傳播，最早在1947年於烏干達的茲卡森林中的獼猴體內分離出來。目前依據基因型別分為亞洲型和非洲型兩種型別，在中非、東南亞和印度等都有發現的紀錄。過去只有少數人類病例的報導，直到2007年在密克羅尼西亞聯邦的雅蒲島爆發群聚疫情，才對此疾病有較多的認識。 
中東呼吸症候群冠狀病毒感染症	 中東呼吸症候群冠狀病毒感染症（Middle East respiratory syndrome coronavirus [MERS-CoV]）為人畜共通傳染病。主要症狀包括發燒、咳嗽與呼吸急促等，另有部分病患可能出現噁心、嘔吐、腹瀉等腸胃道症狀。感染者胸部X光通常會發現肺炎，部分重症則出現急性腎衰竭、心包膜炎、血管內瀰漫性凝血等併發症，死亡率約35%。重症病患大多具有慢性疾病，如糖尿病、慢性肺病、腎病和免疫力缺陷。此外，研究指出部分病患僅出現輕微感冒症狀或無明顯症狀，且可合併其他呼吸道病毒或細菌同時感染。 
黃熱病	 黃熱病是由黃熱病毒所引起的急性傳染病。主要流行於非洲及拉丁美洲等地區，進入中毒期的病人7至10天內死亡率約20~50%。全球每年估計約有20萬黃熱病病例，造成3萬人死亡，其中90%的病例發生在非洲地區。在非洲，流行地區主要分布於赤道南北，範圍包括撒哈拉沙漠以南至安哥拉，西非由於推動大規模疫苗接種計畫，在2015年無疫情爆發；在拉丁美洲則以玻利維亞、巴西、哥倫比亞、厄瓜多爾和秘魯感染風險較高。黃熱病在非洲和拉丁美洲部分國家屬地方性流行疾病。17-19世紀曾在北美洲（紐約、費城、紐奧良等）和歐洲（愛爾蘭、英國、法國、義大利、西班牙、葡萄牙）傳出黃熱病疫情。近年最大規模之疫情為安哥拉2015年12月爆發的流行，截至2016年10月已累計近900例確定病例，其中約120例死亡，並且造成其他國家的境外移入個案，包括剛果共和國、肯亞及中國（北京市、上海市及福建省）。目前為止，從未有証據顯示曾有黃熱病本土病例出現在亞洲，但埃及斑蚊的存在顯示仍有發生黃熱病的可能性。 
伊波拉病毒感染	 伊波拉病毒感染為伊波拉病毒所引起的嚴重急性疾病，其初期症狀為突然出現高燒、嚴重倦怠、肌肉痛、頭痛等，接著出現嘔吐、腹瀉、腹痛、皮膚斑點狀丘疹與出血現象。重症者常伴有肝臟受損、腎衰竭、中樞神經損傷、休克併發多重器官衰竭。實驗室檢驗則發現白血球、血小板降低、凝血功能異常與肝功能指數上升。個案之致死率平均約50%，依過去疫情經驗約在25%-90%。 
拉薩熱	 拉薩熱是由拉薩病毒（Lassa virus）造成的一種急性病毒性出血熱疾病，流行地區為西非。拉薩熱首次的報告是在1950年代，但是直到1969年拉薩病毒才在兩名死亡的奈及利亞護士身上分離出來屬人畜共通及動物傳染性病毒。在西非地區，拉薩熱是當地之地方性流行疾病，亦是一種高致死性疾病。大約80％的感染者屬輕微或無徵狀感染，其餘20％則會有嚴重的多重系統疾病。初期症狀為漸進式之發燒、倦怠、身體不適，接著出現頭痛、喉嚨痛、肌肉痛、胸痛、噁心、嘔吐、腹瀉、腹痛及咳嗽，重症者出現顏面腫大、肺水、口、鼻、陰道或腸胃道出血，低血壓及蛋白尿，後期出現休克、神經症狀（癲癇、顫抖、定向感障礙）及昏迷。25%痊癒病患出現耳聾，其中有一半於1至3個月後恢復部分聽力，恢復期可能出現短暫落髮及步態不穩。一般感染之死亡率約為1％，但在住院病患及某些流行地區會有高至15％或以上的病人死亡。死亡多發生在發病後14天內，若懷孕末期（the third trimester）遭受感染，症狀會特別嚴重，80％以上的孕婦死亡。 
馬堡病毒出血熱	 為馬堡病毒（Marburg virus）感染所引起之嚴重急性疾病，初期症狀為突發高燒、嚴重頭痛與倦怠、肌肉痛等；發病後3~5天後全身開始出現紅疹，伴隨嚴重腹瀉、腹痛、噁心感及嘔吐；腹瀉可能持續一周。在這個時期病人眼窩深陷、面無表情且嗜睡，曾被描述像鬼魅般憔悴。發病後5~7天起許多病人會有嚴重出血現象，除嘔吐物及糞便帶血外，牙齦、鼻、陰道及靜脈採血處亦可能有自發性出血。此時期亦伴隨持續高燒，如影響中樞神經系統則可能出現意識不清、易怒或攻擊性行為。疾病晚期有時會有睪丸炎（發病後15日）。死亡個案多於發病後8~9天，因嚴重失血及休克而死亡。個案致死率約在24%～88%。 
裂谷熱	 裂谷熱又稱里夫谷熱，為裂谷熱病毒（Rift Valley Fever Virus）所引起之人畜共通傳染病。感染者可能無症狀或出現輕微症狀，包括：發燒、頭痛、疲勞、關節痛、肌肉痛，有時會有頸部僵硬、食慾減退、噁心、嘔吐及畏光的現象，症狀通常持續4-7天。少部分（約8-10%）會發展出嚴重症狀，如出血、休克、視網膜病變、腦膜腦炎或肝損傷，甚至死亡。人類感染裂谷熱的死亡率約為1%，但出血病患的死亡率可達 50%。在視網膜病變的患者中，約有50%可能出現永久性視覺損傷，而在腦膜腦炎的患者中，可能會有延遲性神經症狀（發病後60日以上）。 
棘狀阿米巴	 一、病原簡介棘阿米巴原蟲為環境中自由營生的阿米巴原蟲，超過24種，廣泛分布於自然環境，如：活水（湖泊、河川、溫泉）、泥土、沼澤濕地、海水中，另外，於游泳池、大眾浴池、供水系統（如水管、下水道）及空調系統等也都能發現其蹤跡。棘阿米巴對於滲透壓變化耐受性高，於蒸餾水、組織培養基及哺乳動物體液及海水中均可存活，平時以活動體(trophozoite)存在，若環境惡劣時，則轉為囊體(cyst)以利生存。二、臨床表現與高危險族群棘阿米巴原蟲感染為罕見且嚴重之疾病，感染眼睛將造成角膜炎(Acanthamoeba Kerratitis)、感染腦部及脊椎造成肉牙腫性阿米巴腦炎(Acanthamoeba Granulomatous Amebic Encephalitis, AGAE)，另外也可能經由皮膚上的傷口或鼻孔進入人體，經由血流造成肺部等其他部位的感染(Disseminated infection)。AGAE高危險群為免疫不全或有慢性病，如器官或組織移植、類固醇或大量使用抗生素者、糖尿病、癌症、血球功能異常、肝硬化或狼瘡個案，AGAE之症狀包含頭痛、頸部僵硬、噁心、嘔吐、意識混亂、喪失平衡感、幻覺、抽搐等，死亡率極高。棘阿米巴角膜炎個案通常為免疫功能正常者，最常發生於配戴隱形眼鏡者（美國估計約有85％棘阿米巴角膜炎為此類個案，隱形眼鏡使用者發生率每百萬人約有33人），使用隱形眼鏡衛生習慣不良、配戴隱形眼鏡游泳/淋浴/泡澡、角膜損傷病史及接觸受污染的水為感染高危險群；目前尚無人傳人的病例報告。棘阿米巴角膜炎之症狀包含眼睛疼痛、紅、視力模糊、畏光、眼睛異物感及淚流不止等，治療藥物包括聚六亞甲基雙胍(polyhexamethylene biquanide；PHMB)、葡萄糖酸氯己定(chlorhexidine digluconate)、羥乙磺酸丙氧苯脒(propamidine isethionate)、多粘菌素B(polymyxin B)、硫酸新黴素(neomycin)、克黴唑(clotrimazole)等。三、棘阿米巴角膜炎重大群聚事件2005年美國眼力健公司生產的「全能水潤配方多功能保養液」(Complete MoisturePlus Multipurpose Solution)，發生產品受棘阿米巴污染，美國CDC與FDA澈查35州與波多黎各，確認138個棘阿米巴角膜炎病例，並訪查其中46例，發現配戴軟式隱形眼鏡的36人，21人在發病前一個月使用眼力健全能水潤配方多功能保養液，有14人更是只用這款藥水。此為近年來，較為嚴重的棘阿米巴爆發流行事件。四、台灣地區病例概況1988年中華民國眼科醫學會會刊報告「棘狀阿米巴原蟲角膜炎-台灣首二例報告」。2011年因應媒體報導棘阿米巴原蟲角膜炎事件，本署電詢台大醫院眼科侯育致醫師表示台大醫院1997~2001年病例數為8例，2002~2006年28例，目前該每年約有10例，粗估臺灣地區每年約40~50例；另榮總眼科林佩玉醫師表示榮總每年不到10例。五、台灣地區環境棘狀阿米巴原蟲相關研究2012年臺灣大學環境衛生研究所學位論文「泳池與農田棘阿米巴原蟲定性研究」，利用型態學和分子生物學方法檢測來自台北市6個游泳池之12件游泳池樣本、以及來自6個屏東縣恆春鎮和5個屏東縣車城鎮洋蔥田農田之13件土壤與14件空氣樣本，鑑定其中是否有棘阿米巴原蟲，並利用基因型分析、耐熱性及耐滲透壓測試，評估分離的棘阿米巴原蟲是否具潛在致病性。結果發現6個游泳池水樣檢出率為100%，13件屏東縣洋蔥田土壤檢出率亦為100%，其中14件空氣樣本中只有3件檢出棘阿米巴原蟲，其檢出率為21.43%。依據基因型、耐熱性和滲透壓結果顯示，泳池分離出來的棘阿米巴原蟲均屬T4，且一株不能在37℃生長，其餘均能在37℃與滲透壓1 M mannitol下生長，而農田土壤及空氣分離之棘阿米巴原蟲大多數無法在1M mannitol的環境下生長，顯示泳池中之棘阿米巴原蟲一旦有機會接觸到人體的眼睛，多可忍受人體體溫與淚液之高滲漏壓，意謂泳池內棘阿米巴原蟲可能具有眼睛角膜之致病風險。六、棘阿米巴角膜炎之防範措施1.配戴隱形眼鏡者，應定期回診，並依眼科醫師建議配戴或更換隱形眼鏡。2.活動過程中如可能接觸水體，應移除隱形眼鏡。如戲水後發現眼睛不適症狀，應儘速就醫，並告知醫師相關接觸史。3.接觸隱形眼鏡前，應以肥皂及水澈底清潔雙手，並擦乾。4.依照眼科醫師及製造商之指引清潔、保存隱形眼鏡。5.隱形眼鏡保存盒至少每3個月更換1次。
福氏內格里阿米巴腦膜腦炎	 內格里阿米巴( Naegleria )為環境中自由營生的單細胞阿米巴原蟲，有40餘種，其中只有福氏內格里阿米巴原蟲(Naegleria fowleri )會感染人類。福氏內格里阿米巴原蟲喜好溫暖環境，能生存於46℃的溫熱環境中，在高溫下也可短暫存活。淡水湖泊及河川、溫泉水、工廠排出的溫水、飲用溫泉水、含氯量不足的游泳池水、熱水器及土壤中都可發現其蹤跡，而含鹽量較高的海水尚未有檢出案例。在消毒良好的游泳池中不易感染福氏內格里阿米巴原蟲。 
貓抓病	 貓抓病是由韓瑟勒巴通氏菌所引起的疾病。主要流行季節在夏末及秋冬。貓抓病是一種亞急性、自癒性的細菌性疾病，病徵包括倦怠、肉芽腫性淋巴腺炎及發燒。患者常因先前遭受貓抓、舔或咬傷，造成紅色丘灶，約有50～90％的個案於抓傷部位出現丘疹。貓抓病與一些造成局部性淋巴腺病變的疾病，例如：兔熱病、布魯氏病、結核病、鼠疫或巴斯德氏症在臨床上容易混淆。 
NDM-1腸道菌感染症	 NDM-1腸道菌感染症是由NDM-1腸道菌引起的傳染病。NDM-1並不是細菌的名稱，所謂的「NDM-1腸道菌」，是指帶有NDM-1基因的腸道菌，以肺炎克雷白氏菌及大腸桿菌最常見，NDM-1基因可對多種常用的抗生素具有抗藥性。NDM-1抗藥性基因最早是在2008年從1名曾在印度半島住院的印裔瑞典人身上發現。NDM-1抗藥性基因使醫師常用的抗生素失去療效，而且 NDM-1 抗藥性基因會在不同種類的細菌之間轉移，造成許多細菌產生抗藥性，因此引起醫界的關切。 
發熱伴血小板減少綜合症	 發熱伴血小板減少綜合症（Severe Fever with Thrombocytopenia Syndrome, SFTS），是被帶有布尼亞病毒科（Bunyaviridae）之病毒「SFTSV (severe fever with thrombocytopenia syndrome virus)」的蜱蟲叮咬所導致的人畜共通傳染病。2009～2011年首度於中國大陸發現，主要分布於山東、江蘇、安徽、河南、湖北、遼寧等地區，依據中國大陸監測資料顯示，病例主要分佈於山區和丘陵等農村地區，極少在城市人口中發現。日本及韓國近年也有確定病例及死亡病例發生。 
細菌性腸胃炎	 可以引起腸胃炎的致病原包括細菌、病毒和寄生蟲等，常引起細菌性腸胃炎的致病菌有腸炎弧菌、沙門氏桿菌、病原性大腸桿菌、金黃色葡萄球菌、仙人掌桿菌及霍亂弧菌等。其它傳播力較強且症狀較嚴重，但在臺灣已較少見的桿菌性痢疾、霍亂、傷寒、副傷寒與腸道出血性大腸桿菌等疾病已列為法定傳染病，於本網站中介紹。 
常見腸道寄生蟲病簡介	 腸道寄生蟲病在熱帶及亞熱帶地區普遍流行，是開發中或未開發國家常見的疾病。從各個地區或國家之腸道傳染病之盛行率，可以間接的反應出當地的衛生條件與生活品質。腸道寄生蟲的病原體包括原蟲和蠕蟲兩類，其中常見原蟲感染如阿米巴痢疾、梨形鞭毛蟲及隱胞子蟲等。蠕蟲感染如蛔蟲、鉤蟲、鞭蟲、蟯蟲、中華肝吸蟲及絛蟲等。 
中華肝吸蟲感染症	 中華肝吸蟲感染症的致病原是中華肝吸蟲（Clonorchis sinensis），1874年馬康奈（McConnel）在印度加爾各答，解剖一個二十歲中國木匠的屍體時，在他肝內膽管發現這種寄生蟲，由於病人是中國人，而且是世界第一個被證實感染此蟲的病例，因此命名為中華肝吸蟲。此寄生蟲最早可追溯至明代（西元1368-1644年）及西漢時期（西元前206年-西元23年），考古學者曾在古代乾屍糞便中的殘餘物發現此蟲卵。 
旋毛蟲感染症	 旋毛蟲感染症主要是由豬旋毛蟲（Trichinella spiralis）所引起，可寄生於豬、人及許多常見的哺乳類動物。旋毛蟲是一種細小的線蟲，成熟的母蟲長3-4 mm，約為公蟲的兩倍大，寄生於十二指腸及空腸，生殖的母蟲2-6週間可產下500-1000個仔蟲，幼蟲寄生於橫紋肌內，並形成包囊。 
肺吸蟲感染症	 肺吸蟲屬（Paragonimus）的寄生蟲已知超過50種以上可感染人類與動物，可感染人類的至少有10種，其中衛氏肺吸蟲（Paragonimus westermani）是最重要的一種。1877年Kerbert在阿姆斯特丹動物園內孟加拉虎的肺部中首先鑑別出此蟲，1879年Ringer解剖一個在臺灣的葡萄牙病患屍體時發現肺吸蟲，此為第一個被報告的人類肺吸蟲感染症個案。成蟲在人體可存活5-10年，但亦有長達20-25年之報告。 
廣東住血線蟲感染症	 廣東住血線蟲感染症的致病原是廣東住血線蟲，1933年陳心陶先生在中國大陸廣東省調查玄鼠（Rattus rattus）和褐鼠（Rattus norvegicus）的寄生蟲時，首先於鼠肺（肺動脈）中發現此蟲，1937年日本人松本（Matsumoto）在台灣東岸花蓮之野鼠內亦發現此蟲。感染的大鼠透過糞便排出未成熟的幼蟲（第一期幼蟲），蝸牛和蛞蝓吃了含有幼蟲的大鼠糞便而感染，幼蟲在蝸牛和蛞蝓體內發育，但不會變為成蟲（第三期幼蟲），當大鼠吃了感染的蝸牛、蛞蝓或受其黏液污染的食物時，寄生蟲可於鼠體內發育為成蟲，雌雄交配產卵，進入下一個生活史循環。人類不是廣東住血線蟲適合的終宿主（鼠類才是），其幼蟲誤入人體後，無法於人體發育為成蟲，僅可發育至第五期幼蟲（又稱為幼成蟲），蟲體移行至腦膜處死亡，而造成腦膜炎相關症狀。 
鸚鵡熱	 鸚鵡熱是由鸚鵡熱披衣菌所引起的一種細菌性人畜共通傳染病，又稱為飼鳥病。鸚鵡熱披衣菌是種絕對細胞內寄生性的細菌，廣泛分布於全世界的鳥類、哺乳動物、爬蟲類和兩棲類之中，除了人以外，鸚鵡熱披衣菌還可以感染綿羊、牛和山羊，引起全身性的疾病。鸚鵡熱無特別季節變化，一年四季皆可發生。可能在家庭、寵物店、鳥類飼養者、鳥類展示會及鴿舍中爆發。 
亨德拉病毒及立百病毒感染症	 亨德拉病毒感染症是由亨德拉病毒所引起的疾病；立百病毒感染症是由立百病毒所引起的疾病，這兩種疾病是近年來確認的新興病毒性人畜共通傳染病。亨德拉病毒及立百病毒感染症的名稱，是以病毒被發現的地點命名。亨德拉病毒感染症在1994年澳洲的Hendra發現，立百病毒感染症則是1999年在馬來西亞的立白新村發現。這兩種新興疾病完整的病程目前還不清楚，其症狀可由輕微的發燒、頭痛和喉嚨痛到昏迷，嚴重者甚至死亡。1994年澳洲昆士蘭有3人因接觸感染亨德拉病毒的馬而致病，1998-1999年間馬來西亞有265人因接觸感染立百病毒的豬隻感染而致病，其中105個病例死亡。2001至2004年，在孟加拉也爆發數次立百病毒疫情，並被懷疑可能有人傳人的感染。 
第二型豬鏈球菌感染症	 第二型豬鏈球菌感染症是由豬鏈球菌所引起的人畜共通傳染病。豬鏈球菌是一種被廣泛發現於全世界許多養豬地區的細菌，主要感染人類眷養的豬隻，有時也會從野豬、馬、狗、貓和鳥身上發現，而一般可造成人類生病的是第二型豬鏈球菌。自1960年代在丹麥發現第一個人類病例後，許多國家都有零星的病例，亞洲地區如中國、香港及泰國就爆發過流行。但該第二型豬鏈球菌感染症通常不會造成大規模的流行。通常是健康的成年人感染豬鏈球菌，但免疫功能較差的病患如脾臟切除患者、糖尿病患者、酗酒人士、惡性腫瘤患者，較容易受到感染。飼養豬隻人士、屠宰工作人員、負責處理及運送肉類的人士、售賣鮮肉人士及廚師也是感染豬鏈球菌的高風險職業。 
病毒性腸胃炎	 腸胃炎係指胃、小腸或大腸的發炎，會導致病患嘔吐或腹瀉。有多種不同的病毒可導致病毒性腸胃炎，最常見的是輪狀病毒、諾羅病毒及腺病毒。台灣諾羅病毒及輪狀病毒主要流行季節為11月到隔年3月間，而腺病毒則一整年內都會發生。輪狀病毒、腺病毒、沙波病毒及星狀病毒好發於5歲以下的兒童，輪狀病毒更是引起嬰兒和5歲以下幼童腹瀉最常見的原因；而諾羅病毒則是任何年齡層皆可能受到感染。諾羅病毒的爆發流行好發於學校、醫院、軍營、收容及安養機構等人口密集機構，但也常發生在餐廳、大型遊輪、宿舍和露營地等地方。 
沙門氏菌感染症	 沙門氏菌感染症為食因性感染的疾病，亦為人畜共通傳染病，主要因食入遭受動物糞便污染的食物而感染。沙門氏菌感染症屬全球分布，在已開發國家（除非有很好的通報系統）大部分的臨床病例沒有被通報，通報率低於1%，病例最常發生於嬰兒和五歲以下小孩。大部分的發生原因是食物來源遭受污染，少數是因帶菌者污染食物，或人與人直接糞口接觸引致。此病較易發生在7月-10月，氣候溫暖的季節，目前在世界許多國家的發生率有增加的趨勢。 
疥瘡感染症	 疥瘡是由人疥蟎所引起，疥蟎會寄生在皮膚表層，特別在皮膚皺摺處及柔軟的地方，包括手指間、腳趾縫、肩胛骨、手腕、手肘、腋下、腰部、乳頭、陰莖、臀部等。免疫力較差、年長、失能、或身體虛弱的人，可能會感染較嚴重的結痂型疥瘡（挪威疥；Crusted / Norwegian Scabies），患者身上會出現厚痂皮的疹子，裡面含有大量的疥蟎及蟲卵，傳染力較強。由於患者身上的疥蟎可能會掉落在衣服、床鋪及傢俱上，因此感染挪威疥的患者必須儘速進行治療，避免造成流行。 
頭蝨感染症	 頭蝨為寄生性昆蟲，只寄生於人類，並以血液為食，一天中吸食人類多次血液。頭蝨通常寄生在靠近頭皮的髮根中，特別是耳朵周圍或頸背的毛髮，偶爾也會在眉毛或睫毛中發現頭蝨。頭蝨為爬行移動，不會跳也不會飛，與感染者的頭對頭近距離接觸為最常見的傳染方式。截至目前尚無科學證據顯示頭蝨會傳播疾病。 
李斯特菌症	 李斯特菌症是由李斯特桿菌所引起的疾病。李斯特菌廣泛分布在環境裡的土壤、水、腐爛的植物與哺乳類動物的糞便中，5％健康的成人糞便中可已分離出李斯特菌，雖然李斯特菌絕大部份病患都不會引起併發症，但是孕婦或免疫功能不全的病患，是敗血症和腦膜腦炎併發症的高危險群。目前衛生署食品藥物管理局針對李斯特桿菌所引起的食品中毒案件進行監測，但近10年國內不曾發現李斯特桿菌引起的食品中毒事件。 
隱球菌症	 隱球菌症是由隱球菌所引起的一種亞急性或慢性酵母菌型真菌感染。隱球菌症無特別季節變化，一年四季皆可發生。最常侵犯中樞神經系統，造成腦膜炎，其次是發生在肺、皮膚黏膜、骨、前列腺、泌尿道、眼睛或其他器官。隱球菌最早於1894 年，在義大利的桃子汁分離出來，可在25℃及37℃中生長。在台灣鴿子及其他鳥類糞便中調查發現，隱球菌大多屬於Grubii變異型(A血清型)。 
CRE抗藥性檢測	 一、 檢測目的carbapenem類抗生素屬於強力的廣效性β-lactam類藥物，通常被視為治療多重抗藥性細菌的最後防線；但近年來革蘭氏陰性菌，尤其是腸道菌(Enterobacteriaceae)，對carbapenem類抗生素產生抗藥性(carbapenem-resistant Enterobacteriaceae, CRE)的比例日增，因此受到國際間的高度關注。為協助醫療機構確認藥敏試驗結果及檢測是否帶有NDM-1基因等，並收集國內菌株了解相關抗藥性機制，故提供此通報項目。二、 通報方式（一） 採志願通報。（二） 倘醫療院所於病患臨床檢體分離出CRE，，需協助鑑定或進行抗藥性基因檢測者，可經由傳染病通報系統之「其他傳染病」項下「CRE抗藥性檢測」辦理通報及送驗。三、 送驗條件（一）對carbapenem類抗生素(doripenem、imipenem、meropenem或ertapenem等)任一種不具感受性(nonsusceptible)之腸道菌(Enterobacteriaceae)。因某些細菌本身即對imipenem不具感受性(nonsusceptible)，則需以其他carbapenem類(如：doripenem、meropenem或ertapenem)進行藥敏試驗。且 （二）對以下任一第三代頭孢子菌素類 (third-generation cephalosporins)具有抗藥性: ceftriaxone, cefotaxime, and ceftazidime。 四、 檢體採集運送（一） 醫療院所應將臨床檢體所分離出具carbapenem抗藥性之腸道菌純化菌株，以cary-blair拭子沾滿一圈後，置入cary-blair保持輸送培養基，以採檢箱立即送至疾病管制局昆陽實驗室。（二） 運送檢體應於常溫（22℃-35℃）儘速送驗。（三） 本菌抗藥性高，採檢時應謹慎操作，避免污染環境。（四） 菌株驗出NDM-1基因等陽性約須5-7天。
VISA/VRSA抗藥性檢測	 一、 檢測目的金黃色葡萄球菌是社區和醫療機構內常見的病原菌，可能造成溫和的皮膚或軟組織感染，也可能引發菌血症、心內膜炎等致死性疾病。早期常用半合成的盤尼西林類抗生素(如methicillin, oxacillin等)來治療金黃色葡萄球菌的感染，但自1970年代之後，對這類抗生素產生抗藥性的金黃色葡萄球菌(methicillin-resistant Staphylococcus aureus, MRSA)比例日益增加，並已成為全球性的問題，台灣和日本等亞洲國家都是屬於MRSA高比例的國家。而萬古黴素(vancomycin)為治療MRSA感染最後一線藥物，為避免未來發生無藥可用的窘境，國際間相當重視對vancomycin感受性降低之金黃色葡萄球菌的擴散，包括VISA(vancomycin-intermediate Staphylococcus aureus)及VRSA(vancomycin-resistant Staphylococcus aureus)。為協助醫療機構確認藥敏試驗結果，並收集國內菌株了解相關抗藥性機制，故提供此通報項目。二、 通報方式（一） 採志願通報。（二） 倘醫療院所於病患臨床檢體分離出VISA/VRSA，需協助鑑定或進行抗藥性基因檢測者，可經由傳染病通報系統之「其他傳染病」項下「VISA/VRSA抗藥性檢測」辦理通報及送驗。三、 送驗條件對vancomycin感受性降低之金黃色葡萄球菌，即MIC≧2μg/mL。註：CLSI之M100-S21標準(Jan. 2011)，S. aureus/Vancomycin Breakpoints Susceptible:≦2 μg/ml (VSSA)、Intermediate: 4-8 μg/ml (VISA)、Resistant:≧16 μg/ml (VRSA)。四、 檢體採集運送VISA/VRSA相關檢體之採集運送，請參考「防疫檢體採檢手冊」。
肺囊蟲肺炎	 肺囊蟲肺炎是一種由人類肺囊蟲（Pneumocystis jirovecii）所引起的肺部感染症，常見於早產兒及營養不良的嬰兒，成人則常見於癌症、使用免疫抑制劑或HIV感染者而導致後天免疫不全的病人身上。1909年Chagas在研究錐蟲（trypanosome）時發現肺囊蟲， Dr. Carini也約在同時於受感染的老鼠身上發現這個病原，起初兩人都認為發現了一新型的錐蟲，一直到數年後Delanoes 才確認這是一種以肺部為主要感染部位的新病原體，將之命名為卡氏肺囊蟲（Pneumocystis carinii），後來為了與感染老鼠的肺囊蟲做區別，更名為人類肺囊蟲（Pneumocystis jirovecii）。一開始因為形態學上的類似，此病原體被歸類為原蟲，1988年後以核酸及生化的分析結果發現其實更接近於黴菌。 
淋巴絲蟲病	 人類感染血絲蟲（filariae）引起的病症稱為淋巴絲蟲病（lymphatic filariasis），又稱為象皮病（elephantiasis）。血絲蟲（filariae）是一種微小、線狀的寄生蟲，會經由病媒叮咬吸血時而進入人體。可感染人類的主要有班氏絲蟲（Wuchereria bancrofti）、馬來絲蟲（Brugia malayi）以及帝汶絲蟲（Brugia timori）等三種，其中約有九成的病例為感染班氏絲蟲。班氏絲蟲分布於全世界的熱帶地區，馬來絲蟲分布於亞洲地區，帝汶絲蟲分布於東南亞 (印度、印尼、馬來西亞及泰國)。全球有54個國家約9.5億人仍受淋巴絲蟲病威脅。在2000年，全球有超過1.2億淋巴絲蟲病病例，其中約4千萬人因此病而外觀受損或失能。臺灣本島和金門、澎湖的居民在1960年之前有感染淋巴絲蟲病的風險，但自1958年起，經由執行長期的防治計畫，淋巴絲蟲病病例數逐年下降。目前臺灣已無淋巴絲蟲病病例。 
